[{"model": "contenttypes.contenttype", "pk": 1, "fields": {"app_label": "admin", "model": "logentry"}}, {"model": "contenttypes.contenttype", "pk": 2, "fields": {"app_label": "auth", "model": "permission"}}, {"model": "contenttypes.contenttype", "pk": 3, "fields": {"app_label": "auth", "model": "group"}}, {"model": "contenttypes.contenttype", "pk": 4, "fields": {"app_label": "auth", "model": "user"}}, {"model": "contenttypes.contenttype", "pk": 5, "fields": {"app_label": "contenttypes", "model": "contenttype"}}, {"model": "contenttypes.contenttype", "pk": 6, "fields": {"app_label": "sessions", "model": "session"}}, {"model": "contenttypes.contenttype", "pk": 7, "fields": {"app_label": "api", "model": "sensorlocation"}}, {"model": "contenttypes.contenttype", "pk": 8, "fields": {"app_label": "api", "model": "sensortype"}}, {"model": "contenttypes.contenttype", "pk": 9, "fields": {"app_label": "api", "model": "sensordata"}}, {"model": "sessions.session", "pk": "3y42e7yeo0n8kmsgmixwkqre4e00ulfk", "fields": {"session_data": "MDJjYmRhMmFkYzk1YTJkODkyNzAxOTU2MWVjMmVlOWQ3OTQwN2YyODp7Il9hdXRoX3VzZXJfaWQiOiIxIiwiX2F1dGhfdXNlcl9iYWNrZW5kIjoiZGphbmdvLmNvbnRyaWIuYXV0aC5iYWNrZW5kcy5Nb2RlbEJhY2tlbmQiLCJfYXV0aF91c2VyX2hhc2giOiI2Mzg5NTE2N2U3YmQxYzg0NjU4NTMwODRlMzNkYjVhNDJhYzQ1ZjQ4In0=", "expire_date": "2020-05-03T11:21:58.663Z"}}, {"model": "sessions.session", "pk": "cemjevwxk8m8stcpo6jhqm4sexf2pf3v", "fields": {"session_data": "MDJjYmRhMmFkYzk1YTJkODkyNzAxOTU2MWVjMmVlOWQ3OTQwN2YyODp7Il9hdXRoX3VzZXJfaWQiOiIxIiwiX2F1dGhfdXNlcl9iYWNrZW5kIjoiZGphbmdvLmNvbnRyaWIuYXV0aC5iYWNrZW5kcy5Nb2RlbEJhY2tlbmQiLCJfYXV0aF91c2VyX2hhc2giOiI2Mzg5NTE2N2U3YmQxYzg0NjU4NTMwODRlMzNkYjVhNDJhYzQ1ZjQ4In0=", "expire_date": "2020-05-09T19:41:28.685Z"}}, {"model": "api.sensorlocation", "pk": 1, "fields": {"name": "Warsaw Sensor Center", "city": "Warsaw", "latitude": "51.2220000000000000", "longtitude": "21.0010000000000000"}}, {"model": "api.sensorlocation", "pk": 2, "fields": {"name": "Lodz COVID-19", "city": "\u0141\u00f3d\u017a", "latitude": "51.2220000000000000", "longtitude": "20.9990000000000000"}}, {"model": "api.sensorlocation", "pk": 3, "fields": {"name": "Lodz COVID-19", "city": "\u0141\u00f3d\u017a", "latitude": "51.7594450000000000", "longtitude": "19.4572160000000000"}}, {"model": "api.sensorlocation", "pk": 4, "fields": {"name": "Lodz COVID-19", "city": "\u0141\u00f3d\u017a", "latitude": "51.7594450000000000", "longtitude": "19.4572160000000000"}}, {"model": "api.sensorlocation", "pk": 5, "fields": {"name": "Lodz COVID-19", "city": "\u0141\u00f3d\u017a", "latitude": "51.7594450000000000", "longtitude": "19.4572160000000000"}}, {"model": "api.sensorlocation", "pk": 6, "fields": {"name": "\u0141\u00f3d\u017a COVID-19", "city": "\u0141\u00f3d\u017a", "latitude": "51.7594450000000000", "longtitude": "19.4572160000000000"}}, {"model": "api.sensorlocation", "pk": 7, "fields": {"name": "\u0141\u00f3d\u017a COVID-19", "city": "\u0141\u00f3d\u017a", "latitude": "51.7594450000000000", "longtitude": "19.4572160000000000"}}, {"model": "api.sensorlocation", "pk": 8, "fields": {"name": "\u0141\u00f3d\u017a COVID-19", "city": "\u0141\u00f3d\u017a", "latitude": "51.7594450000000000", "longtitude": "19.4572160000000000"}}, {"model": "api.sensorlocation", "pk": 9, "fields": {"name": "Oslo COVID-19", "city": "Oslo", "latitude": "59.9114910000000000", "longtitude": "10.7579330000000000"}}, {"model": "api.sensorlocation", "pk": 10, "fields": {"name": "Washington COVID-19", "city": "Washington", "latitude": "47.7510760000000000", "longtitude": "-120.7401350000000000"}}, {"model": "api.sensorlocation", "pk": 11, "fields": {"name": "Washington COVID-19", "city": "Washington", "latitude": "35.7152980000000000", "longtitude": "51.4043430000000000"}}, {"model": "api.sensorlocation", "pk": 12, "fields": {"name": "Shanghai COVID-19", "city": "shanghai", "latitude": "31.2243610000000000", "longtitude": "121.4691700000000000"}}, {"model": "api.sensorlocation", "pk": 13, "fields": {"name": "Moscow COVID-19", "city": "Moscow", "latitude": "55.7512440000000000", "longtitude": "37.6184230000000000"}}, {"model": "api.sensorlocation", "pk": 14, "fields": {"name": "Kiev COVID-19", "city": "Kiev", "latitude": "50.4343410000000000", "longtitude": "30.5277560000000000"}}, {"model": "api.sensorlocation", "pk": 15, "fields": {"name": "Berlin COVID-19", "city": "Berlin", "latitude": "52.5200080000000000", "longtitude": "13.4049540000000000"}}, {"model": "api.sensorlocation", "pk": 16, "fields": {"name": "Barcelona COVID-19", "city": "Barcelona", "latitude": "41.3902050000000000", "longtitude": "2.1540070000000000"}}, {"model": "api.sensorlocation", "pk": 17, "fields": {"name": "London COVID-19", "city": "London", "latitude": "51.5098650000000000", "longtitude": "-0.1180920000000000"}}, {"model": "api.sensorlocation", "pk": 18, "fields": {"name": "Test Sensor", "city": "Compton", "latitude": "51.0000000000000000", "longtitude": "10.2000000000000000"}}, {"model": "api.sensortype", "pk": 1, "fields": {"name": "Warsaw Temp Sensor", "sensor_location": 1, "code": "temp", "min_value": "0.0000", "max_value": "100.0000", "unit": "Celsius", "description": "Test sensor"}}, {"model": "api.sensortype", "pk": 2, "fields": {"name": "Poland Covid Sensor", "sensor_location": 8, "code": "90-000", "min_value": "0.0000", "max_value": "10000.0000", "unit": "New Cases", "description": "Covid-19"}}, {"model": "api.sensortype", "pk": 3, "fields": {"name": "Sweden Covid Sensor", "sensor_location": 9, "code": "0010", "min_value": "0.0000", "max_value": "10000.0000", "unit": "New Cases", "description": "New Cases of COVID-19 in Sweden"}}, {"model": "api.sensortype", "pk": 4, "fields": {"name": "US Covid Sensor", "sensor_location": 10, "code": "20001", "min_value": "0.0000", "max_value": "10000.0000", "unit": "New Cases", "description": "New Cases of COVID-19 in USA"}}, {"model": "api.sensortype", "pk": 5, "fields": {"name": "Iran Covid Sensor", "sensor_location": 11, "code": "501", "min_value": "0.0000", "max_value": "10000.0000", "unit": "New Cases", "description": "New Cases of COVID-19 in Iran"}}, {"model": "api.sensortype", "pk": 6, "fields": {"name": "China Covid Sensor", "sensor_location": 12, "code": "20000", "min_value": "0.0000", "max_value": "10000.0000", "unit": "New Cases", "description": "New Cases of COVID-19 in China"}}, {"model": "api.sensortype", "pk": 7, "fields": {"name": "Russia Covid Sensor", "sensor_location": 13, "code": "20000", "min_value": "0.0000", "max_value": "10000.0000", "unit": "New Cases", "description": "New Cases of COVID-19 in Russia"}}, {"model": "api.sensortype", "pk": 8, "fields": {"name": "Ukraine Covid Sensor", "sensor_location": 14, "code": "20000", "min_value": "0.0000", "max_value": "10000.0000", "unit": "New Cases", "description": "New Cases of COVID-19 in Ukraine"}}, {"model": "api.sensortype", "pk": 9, "fields": {"name": "Germany Covid Sensor", "sensor_location": 15, "code": "20000", "min_value": "0.0000", "max_value": "10000.0000", "unit": "New Cases", "description": "New Cases of COVID-19 in Germany"}}, {"model": "api.sensortype", "pk": 10, "fields": {"name": "Spain Covid Sensor", "sensor_location": 16, "code": "20000", "min_value": "0.0000", "max_value": "10000.0000", "unit": "New Cases", "description": "New Cases of COVID-19 in Spain"}}, {"model": "api.sensortype", "pk": 11, "fields": {"name": "UK Covid Sensor", "sensor_location": 17, "code": "20000", "min_value": "0.0000", "max_value": "10000.0000", "unit": "New Cases", "description": "New Cases of COVID-19 in UK"}}, {"model": "api.sensortype", "pk": 12, "fields": {"name": "Test Sensor", "sensor_location": 18, "code": "test-sensor", "min_value": "0.0000", "max_value": "100.0000", "unit": "Celsius", "description": "Test"}}, {"model": "api.sensordata", "pk": 5, "fields": {"value": "10.0000", "time": "2020-04-19T00:00:00Z", "sensor_type": 1}}, {"model": "api.sensordata", "pk": 6, "fields": {"value": "12.0000", "time": "2020-04-19T00:00:00Z", "sensor_type": 1}}, {"model": "api.sensordata", "pk": 7, "fields": {"value": "22.0000", "time": "2020-04-19T00:00:00Z", "sensor_type": 1}}, {"model": "api.sensordata", "pk": 8, "fields": {"value": "22.0000", "time": "2020-04-19T00:00:00Z", "sensor_type": 1}}, {"model": "api.sensordata", "pk": 9, "fields": {"value": "12.0000", "time": "2020-04-19T11:39:48.057Z", "sensor_type": 1}}, {"model": "api.sensordata", "pk": 10, "fields": {"value": "11.0000", "time": "2020-04-19T11:40:22.186Z", "sensor_type": 1}}, {"model": "api.sensordata", "pk": 11, "fields": {"value": "14.0000", "time": "2020-04-19T11:40:28.912Z", "sensor_type": 1}}, {"model": "api.sensordata", "pk": 12, "fields": {"value": "16.0000", "time": "2020-04-19T11:40:35.039Z", "sensor_type": 1}}, {"model": "api.sensordata", "pk": 13, "fields": {"value": "10.0000", "time": "2020-04-19T13:34:08.904Z", "sensor_type": 1}}, {"model": "api.sensordata", "pk": 14, "fields": {"value": "11.0000", "time": "2020-04-19T13:34:17.319Z", "sensor_type": 1}}, {"model": "api.sensordata", "pk": 15, "fields": {"value": "11.0000", "time": "2020-04-19T13:38:14.938Z", "sensor_type": 1}}, {"model": "api.sensordata", "pk": 16, "fields": {"value": "15.0000", "time": "2020-04-19T13:38:21.641Z", "sensor_type": 1}}, {"model": "api.sensordata", "pk": 17, "fields": {"value": "11.0000", "time": "2020-04-19T13:38:28.158Z", "sensor_type": 1}}, {"model": "api.sensordata", "pk": 18, "fields": {"value": "16.0000", "time": "2020-04-19T13:38:35.066Z", "sensor_type": 1}}, {"model": "api.sensordata", "pk": 19, "fields": {"value": "18.0000", "time": "2020-04-19T13:38:39.984Z", "sensor_type": 1}}, {"model": "api.sensordata", "pk": 20, "fields": {"value": "11.0000", "time": "2020-04-19T13:38:44.154Z", "sensor_type": 1}}, {"model": "api.sensordata", "pk": 21, "fields": {"value": "2.0000", "time": "2020-04-19T13:38:52.321Z", "sensor_type": 1}}, {"model": "api.sensordata", "pk": 22, "fields": {"value": "11.0000", "time": "2020-04-19T13:38:57.992Z", "sensor_type": 1}}, {"model": "api.sensordata", "pk": 23, "fields": {"value": "15.0000", "time": "2020-04-19T13:56:16.942Z", "sensor_type": 1}}, {"model": "api.sensordata", "pk": 24, "fields": {"value": "15.0000", "time": "2020-04-19T13:56:21.262Z", "sensor_type": 1}}, {"model": "api.sensordata", "pk": 25, "fields": {"value": "15.0000", "time": "2020-04-19T13:56:22.730Z", "sensor_type": 1}}, {"model": "api.sensordata", "pk": 26, "fields": {"value": "15.0000", "time": "2020-04-19T13:56:24.495Z", "sensor_type": 1}}, {"model": "api.sensordata", "pk": 27, "fields": {"value": "24.0000", "time": "2020-04-19T13:57:19.552Z", "sensor_type": 1}}, {"model": "api.sensordata", "pk": 28, "fields": {"value": "24.0000", "time": "2020-04-19T13:57:20.845Z", "sensor_type": 1}}, {"model": "api.sensordata", "pk": 29, "fields": {"value": "24.0000", "time": "2020-04-19T13:57:22.125Z", "sensor_type": 1}}, {"model": "api.sensordata", "pk": 30, "fields": {"value": "24.0000", "time": "2020-04-19T13:57:23.611Z", "sensor_type": 1}}, {"model": "api.sensordata", "pk": 31, "fields": {"value": "13.0000", "time": "2020-04-19T13:57:50.707Z", "sensor_type": 1}}, {"model": "api.sensordata", "pk": 32, "fields": {"value": "13.0000", "time": "2020-04-19T13:57:52.342Z", "sensor_type": 1}}, {"model": "api.sensordata", "pk": 33, "fields": {"value": "13.0000", "time": "2020-04-19T13:57:53.580Z", "sensor_type": 1}}, {"model": "api.sensordata", "pk": 34, "fields": {"value": "13.0000", "time": "2020-04-19T13:57:54.802Z", "sensor_type": 1}}, {"model": "api.sensordata", "pk": 35, "fields": {"value": "10.0000", "time": "2020-04-19T14:22:55.085Z", "sensor_type": 1}}, {"model": "api.sensordata", "pk": 36, "fields": {"value": "10.0000", "time": "2020-04-19T14:23:50.134Z", "sensor_type": 1}}, {"model": "api.sensordata", "pk": 37, "fields": {"value": "20.0000", "time": "2020-04-19T14:23:55.705Z", "sensor_type": 1}}, {"model": "api.sensordata", "pk": 38, "fields": {"value": "10.0000", "time": "2020-04-19T14:24:03.017Z", "sensor_type": 1}}, {"model": "api.sensordata", "pk": 39, "fields": {"value": "5.0000", "time": "2020-04-19T14:24:08.757Z", "sensor_type": 1}}, {"model": "api.sensordata", "pk": 40, "fields": {"value": "120.0000", "time": "2020-04-24T13:53:59.921Z", "sensor_type": 1}}, {"model": "api.sensordata", "pk": 41, "fields": {"value": "120.0000", "time": "2020-04-24T13:54:02.761Z", "sensor_type": 1}}, {"model": "api.sensordata", "pk": 42, "fields": {"value": "120.0000", "time": "2020-04-24T13:54:11.189Z", "sensor_type": 1}}, {"model": "api.sensordata", "pk": 43, "fields": {"value": "5.0000", "time": "2020-04-24T13:54:23.755Z", "sensor_type": 1}}, {"model": "api.sensordata", "pk": 44, "fields": {"value": "10.0000", "time": "2020-04-24T13:54:30.206Z", "sensor_type": 1}}, {"model": "api.sensordata", "pk": 45, "fields": {"value": "11.0000", "time": "2020-04-24T13:57:34.384Z", "sensor_type": 1}}, {"model": "api.sensordata", "pk": 46, "fields": {"value": "11.0000", "time": "2020-04-24T15:21:05.793Z", "sensor_type": 1}}, {"model": "api.sensordata", "pk": 47, "fields": {"value": "11.0000", "time": "2020-04-24T15:21:13.001Z", "sensor_type": 1}}, {"model": "api.sensordata", "pk": 48, "fields": {"value": "11.0000", "time": "2020-04-24T15:21:20.328Z", "sensor_type": 1}}, {"model": "api.sensordata", "pk": 49, "fields": {"value": "11.0000", "time": "2020-04-24T15:21:27.743Z", "sensor_type": 1}}, {"model": "api.sensordata", "pk": 50, "fields": {"value": "11.0000", "time": "2020-04-24T15:21:35.267Z", "sensor_type": 1}}, {"model": "api.sensordata", "pk": 51, "fields": {"value": "11.0000", "time": "2020-04-24T15:21:42.633Z", "sensor_type": 1}}, {"model": "api.sensordata", "pk": 52, "fields": {"value": "11.0000", "time": "2020-04-24T15:21:50.027Z", "sensor_type": 1}}, {"model": "api.sensordata", "pk": 53, "fields": {"value": "11.0000", "time": "2020-04-24T15:21:57.340Z", "sensor_type": 1}}, {"model": "api.sensordata", "pk": 54, "fields": {"value": "11.0000", "time": "2020-04-24T15:22:04.652Z", "sensor_type": 1}}, {"model": "api.sensordata", "pk": 55, "fields": {"value": "11.0000", "time": "2020-04-24T15:22:11.943Z", "sensor_type": 1}}, {"model": "api.sensordata", "pk": 56, "fields": {"value": "11.0000", "time": "2020-04-24T15:22:19.177Z", "sensor_type": 1}}, {"model": "api.sensordata", "pk": 57, "fields": {"value": "11.0000", "time": "2020-04-24T15:22:26.513Z", "sensor_type": 1}}, {"model": "api.sensordata", "pk": 58, "fields": {"value": "11.0000", "time": "2020-04-24T15:22:33.973Z", "sensor_type": 1}}, {"model": "api.sensordata", "pk": 59, "fields": {"value": "11.0000", "time": "2020-04-24T15:22:41.229Z", "sensor_type": 1}}, {"model": "api.sensordata", "pk": 60, "fields": {"value": "11.0000", "time": "2020-04-24T15:22:48.682Z", "sensor_type": 1}}, {"model": "api.sensordata", "pk": 61, "fields": {"value": "11.0000", "time": "2020-04-24T15:22:56.209Z", "sensor_type": 1}}, {"model": "api.sensordata", "pk": 62, "fields": {"value": "11.0000", "time": "2020-04-24T15:23:04.283Z", "sensor_type": 1}}, {"model": "api.sensordata", "pk": 63, "fields": {"value": "11.0000", "time": "2020-04-24T15:23:11.990Z", "sensor_type": 1}}, {"model": "api.sensordata", "pk": 64, "fields": {"value": "11.0000", "time": "2020-04-24T15:23:19.808Z", "sensor_type": 1}}, {"model": "api.sensordata", "pk": 65, "fields": {"value": "11.0000", "time": "2020-04-24T15:23:27.607Z", "sensor_type": 1}}, {"model": "api.sensordata", "pk": 66, "fields": {"value": "11.0000", "time": "2020-04-24T15:23:35.069Z", "sensor_type": 1}}, {"model": "api.sensordata", "pk": 67, "fields": {"value": "11.0000", "time": "2020-04-24T15:23:42.347Z", "sensor_type": 1}}, {"model": "api.sensordata", "pk": 68, "fields": {"value": "11.0000", "time": "2020-04-24T15:23:49.769Z", "sensor_type": 1}}, {"model": "api.sensordata", "pk": 69, "fields": {"value": "11.0000", "time": "2020-04-24T15:23:57.191Z", "sensor_type": 1}}, {"model": "api.sensordata", "pk": 70, "fields": {"value": "11.0000", "time": "2020-04-24T15:24:04.672Z", "sensor_type": 1}}, {"model": "api.sensordata", "pk": 71, "fields": {"value": "11.0000", "time": "2020-04-24T15:24:12.067Z", "sensor_type": 1}}, {"model": "api.sensordata", "pk": 72, "fields": {"value": "11.0000", "time": "2020-04-24T15:24:19.433Z", "sensor_type": 1}}, {"model": "api.sensordata", "pk": 73, "fields": {"value": "11.0000", "time": "2020-04-24T15:24:26.850Z", "sensor_type": 1}}, {"model": "api.sensordata", "pk": 74, "fields": {"value": "11.0000", "time": "2020-04-24T15:24:34.235Z", "sensor_type": 1}}, {"model": "api.sensordata", "pk": 75, "fields": {"value": "11.0000", "time": "2020-04-24T15:24:41.798Z", "sensor_type": 1}}, {"model": "api.sensordata", "pk": 76, "fields": {"value": "11.0000", "time": "2020-04-24T15:24:49.047Z", "sensor_type": 1}}, {"model": "api.sensordata", "pk": 77, "fields": {"value": "11.0000", "time": "2020-04-24T15:24:56.300Z", "sensor_type": 1}}, {"model": "api.sensordata", "pk": 78, "fields": {"value": "11.0000", "time": "2020-04-24T15:25:03.626Z", "sensor_type": 1}}, {"model": "api.sensordata", "pk": 79, "fields": {"value": "11.0000", "time": "2020-04-24T15:25:11.206Z", "sensor_type": 1}}, {"model": "api.sensordata", "pk": 80, "fields": {"value": "11.0000", "time": "2020-04-24T15:25:18.635Z", "sensor_type": 1}}, {"model": "api.sensordata", "pk": 81, "fields": {"value": "11.0000", "time": "2020-04-24T15:25:26.010Z", "sensor_type": 1}}, {"model": "api.sensordata", "pk": 82, "fields": {"value": "11.0000", "time": "2020-04-24T15:25:33.373Z", "sensor_type": 1}}, {"model": "api.sensordata", "pk": 83, "fields": {"value": "11.0000", "time": "2020-04-24T15:25:40.786Z", "sensor_type": 1}}, {"model": "api.sensordata", "pk": 84, "fields": {"value": "11.0000", "time": "2020-04-24T15:25:48.083Z", "sensor_type": 1}}, {"model": "api.sensordata", "pk": 85, "fields": {"value": "11.0000", "time": "2020-04-24T15:25:55.511Z", "sensor_type": 1}}, {"model": "api.sensordata", "pk": 86, "fields": {"value": "11.0000", "time": "2020-04-24T15:26:02.904Z", "sensor_type": 1}}, {"model": "api.sensordata", "pk": 87, "fields": {"value": "11.0000", "time": "2020-04-24T15:26:10.317Z", "sensor_type": 1}}, {"model": "api.sensordata", "pk": 88, "fields": {"value": "11.0000", "time": "2020-04-24T15:26:17.658Z", "sensor_type": 1}}, {"model": "api.sensordata", "pk": 89, "fields": {"value": "11.0000", "time": "2020-04-24T15:26:24.997Z", "sensor_type": 1}}, {"model": "api.sensordata", "pk": 90, "fields": {"value": "11.0000", "time": "2020-04-24T15:26:32.496Z", "sensor_type": 1}}, {"model": "api.sensordata", "pk": 91, "fields": {"value": "11.0000", "time": "2020-04-24T15:26:39.948Z", "sensor_type": 1}}, {"model": "api.sensordata", "pk": 92, "fields": {"value": "11.0000", "time": "2020-04-24T15:26:47.399Z", "sensor_type": 1}}, {"model": "api.sensordata", "pk": 93, "fields": {"value": "11.0000", "time": "2020-04-24T15:26:55.300Z", "sensor_type": 1}}, {"model": "api.sensordata", "pk": 94, "fields": {"value": "11.0000", "time": "2020-04-24T15:27:02.948Z", "sensor_type": 1}}, {"model": "api.sensordata", "pk": 95, "fields": {"value": "11.0000", "time": "2020-04-24T15:27:10.687Z", "sensor_type": 1}}, {"model": "api.sensordata", "pk": 96, "fields": {"value": "11.0000", "time": "2020-04-24T15:27:18.381Z", "sensor_type": 1}}, {"model": "api.sensordata", "pk": 97, "fields": {"value": "11.0000", "time": "2020-04-24T15:27:26.149Z", "sensor_type": 1}}, {"model": "api.sensordata", "pk": 98, "fields": {"value": "11.0000", "time": "2020-04-24T15:27:33.798Z", "sensor_type": 1}}, {"model": "api.sensordata", "pk": 99, "fields": {"value": "11.0000", "time": "2020-04-24T15:27:41.325Z", "sensor_type": 1}}, {"model": "api.sensordata", "pk": 100, "fields": {"value": "11.0000", "time": "2020-04-24T15:27:48.787Z", "sensor_type": 1}}, {"model": "api.sensordata", "pk": 101, "fields": {"value": "3.0000", "time": "2020-04-24T15:30:16.975Z", "sensor_type": 1}}, {"model": "api.sensordata", "pk": 102, "fields": {"value": "0.0000", "time": "2020-04-24T15:30:24.232Z", "sensor_type": 1}}, {"model": "api.sensordata", "pk": 103, "fields": {"value": "17.0000", "time": "2020-04-24T15:30:31.541Z", "sensor_type": 1}}, {"model": "api.sensordata", "pk": 104, "fields": {"value": "10.0000", "time": "2020-04-24T15:30:39.014Z", "sensor_type": 1}}, {"model": "api.sensordata", "pk": 105, "fields": {"value": "24.0000", "time": "2020-04-24T15:30:46.362Z", "sensor_type": 1}}, {"model": "api.sensordata", "pk": 106, "fields": {"value": "12.0000", "time": "2020-04-24T15:30:53.778Z", "sensor_type": 1}}, {"model": "api.sensordata", "pk": 107, "fields": {"value": "1.0000", "time": "2020-04-24T15:31:01.049Z", "sensor_type": 1}}, {"model": "api.sensordata", "pk": 108, "fields": {"value": "9.0000", "time": "2020-04-24T15:31:08.448Z", "sensor_type": 1}}, {"model": "api.sensordata", "pk": 109, "fields": {"value": "22.0000", "time": "2020-04-24T15:31:15.797Z", "sensor_type": 1}}, {"model": "api.sensordata", "pk": 110, "fields": {"value": "11.0000", "time": "2020-04-24T15:31:23.187Z", "sensor_type": 1}}, {"model": "api.sensordata", "pk": 111, "fields": {"value": "19.0000", "time": "2020-04-24T15:31:30.681Z", "sensor_type": 1}}, {"model": "api.sensordata", "pk": 112, "fields": {"value": "24.0000", "time": "2020-04-24T15:31:38.010Z", "sensor_type": 1}}, {"model": "api.sensordata", "pk": 113, "fields": {"value": "17.0000", "time": "2020-04-24T15:31:45.310Z", "sensor_type": 1}}, {"model": "api.sensordata", "pk": 114, "fields": {"value": "4.0000", "time": "2020-04-24T15:31:52.686Z", "sensor_type": 1}}, {"model": "api.sensordata", "pk": 115, "fields": {"value": "2.0000", "time": "2020-04-24T15:32:00.117Z", "sensor_type": 1}}, {"model": "api.sensordata", "pk": 116, "fields": {"value": "4.0000", "time": "2020-04-24T15:32:07.540Z", "sensor_type": 1}}, {"model": "api.sensordata", "pk": 117, "fields": {"value": "17.0000", "time": "2020-04-24T15:32:14.753Z", "sensor_type": 1}}, {"model": "api.sensordata", "pk": 118, "fields": {"value": "18.0000", "time": "2020-04-24T15:32:22.029Z", "sensor_type": 1}}, {"model": "api.sensordata", "pk": 119, "fields": {"value": "13.0000", "time": "2020-04-24T15:32:29.314Z", "sensor_type": 1}}, {"model": "api.sensordata", "pk": 120, "fields": {"value": "20.0000", "time": "2020-04-24T15:32:36.654Z", "sensor_type": 1}}, {"model": "api.sensordata", "pk": 121, "fields": {"value": "11.0000", "time": "2020-04-24T15:32:43.918Z", "sensor_type": 1}}, {"model": "api.sensordata", "pk": 122, "fields": {"value": "17.0000", "time": "2020-04-24T15:32:51.194Z", "sensor_type": 1}}, {"model": "api.sensordata", "pk": 123, "fields": {"value": "2.0000", "time": "2020-04-24T15:32:58.455Z", "sensor_type": 1}}, {"model": "api.sensordata", "pk": 124, "fields": {"value": "2.0000", "time": "2020-04-24T15:33:05.808Z", "sensor_type": 1}}, {"model": "api.sensordata", "pk": 125, "fields": {"value": "11.0000", "time": "2020-04-24T15:33:13.215Z", "sensor_type": 1}}, {"model": "api.sensordata", "pk": 126, "fields": {"value": "22.0000", "time": "2020-04-24T15:33:20.498Z", "sensor_type": 1}}, {"model": "api.sensordata", "pk": 127, "fields": {"value": "18.0000", "time": "2020-04-24T15:33:27.896Z", "sensor_type": 1}}, {"model": "api.sensordata", "pk": 128, "fields": {"value": "19.0000", "time": "2020-04-24T15:33:35.264Z", "sensor_type": 1}}, {"model": "api.sensordata", "pk": 129, "fields": {"value": "5.0000", "time": "2020-04-24T15:33:42.665Z", "sensor_type": 1}}, {"model": "api.sensordata", "pk": 130, "fields": {"value": "24.0000", "time": "2020-04-24T15:33:50.041Z", "sensor_type": 1}}, {"model": "api.sensordata", "pk": 131, "fields": {"value": "20.0000", "time": "2020-04-24T15:33:57.559Z", "sensor_type": 1}}, {"model": "api.sensordata", "pk": 132, "fields": {"value": "11.0000", "time": "2020-04-24T15:34:04.866Z", "sensor_type": 1}}, {"model": "api.sensordata", "pk": 133, "fields": {"value": "20.0000", "time": "2020-04-24T15:34:12.214Z", "sensor_type": 1}}, {"model": "api.sensordata", "pk": 134, "fields": {"value": "24.0000", "time": "2020-04-24T15:34:19.620Z", "sensor_type": 1}}, {"model": "api.sensordata", "pk": 135, "fields": {"value": "3.0000", "time": "2020-04-24T15:34:26.953Z", "sensor_type": 1}}, {"model": "api.sensordata", "pk": 136, "fields": {"value": "8.0000", "time": "2020-04-24T15:34:34.349Z", "sensor_type": 1}}, {"model": "api.sensordata", "pk": 137, "fields": {"value": "10.0000", "time": "2020-04-24T15:34:41.655Z", "sensor_type": 1}}, {"model": "api.sensordata", "pk": 138, "fields": {"value": "0.0000", "time": "2020-04-24T15:34:48.918Z", "sensor_type": 1}}, {"model": "api.sensordata", "pk": 139, "fields": {"value": "13.0000", "time": "2020-04-24T15:34:56.256Z", "sensor_type": 1}}, {"model": "api.sensordata", "pk": 140, "fields": {"value": "4.0000", "time": "2020-04-24T15:35:03.617Z", "sensor_type": 1}}, {"model": "api.sensordata", "pk": 141, "fields": {"value": "0.0000", "time": "2020-04-24T15:35:10.873Z", "sensor_type": 1}}, {"model": "api.sensordata", "pk": 142, "fields": {"value": "1.0000", "time": "2020-04-24T15:35:18.246Z", "sensor_type": 1}}, {"model": "api.sensordata", "pk": 143, "fields": {"value": "0.0000", "time": "2020-04-24T15:35:25.561Z", "sensor_type": 1}}, {"model": "api.sensordata", "pk": 144, "fields": {"value": "1.0000", "time": "2020-04-24T15:35:32.994Z", "sensor_type": 1}}, {"model": "api.sensordata", "pk": 145, "fields": {"value": "3.0000", "time": "2020-04-24T15:35:40.246Z", "sensor_type": 1}}, {"model": "api.sensordata", "pk": 146, "fields": {"value": "21.0000", "time": "2020-04-24T15:35:47.489Z", "sensor_type": 1}}, {"model": "api.sensordata", "pk": 147, "fields": {"value": "9.0000", "time": "2020-04-24T15:35:54.852Z", "sensor_type": 1}}, {"model": "api.sensordata", "pk": 148, "fields": {"value": "4.0000", "time": "2020-04-24T15:36:02.337Z", "sensor_type": 1}}, {"model": "api.sensordata", "pk": 149, "fields": {"value": "6.0000", "time": "2020-04-24T15:36:09.681Z", "sensor_type": 1}}, {"model": "api.sensordata", "pk": 150, "fields": {"value": "24.0000", "time": "2020-04-24T15:36:17.056Z", "sensor_type": 1}}, {"model": "api.sensordata", "pk": 151, "fields": {"value": "16.0000", "time": "2020-04-24T15:36:24.322Z", "sensor_type": 1}}, {"model": "api.sensordata", "pk": 152, "fields": {"value": "24.0000", "time": "2020-04-24T15:36:31.619Z", "sensor_type": 1}}, {"model": "api.sensordata", "pk": 153, "fields": {"value": "14.0000", "time": "2020-04-24T15:36:38.880Z", "sensor_type": 1}}, {"model": "api.sensordata", "pk": 154, "fields": {"value": "16.0000", "time": "2020-04-24T15:36:46.188Z", "sensor_type": 1}}, {"model": "api.sensordata", "pk": 155, "fields": {"value": "6.0000", "time": "2020-04-24T15:36:53.486Z", "sensor_type": 1}}, {"model": "api.sensordata", "pk": 156, "fields": {"value": "7.0000", "time": "2020-04-24T15:37:00.779Z", "sensor_type": 1}}, {"model": "api.sensordata", "pk": 157, "fields": {"value": "9.0000", "time": "2020-04-24T15:37:08.184Z", "sensor_type": 1}}, {"model": "api.sensordata", "pk": 158, "fields": {"value": "1.0000", "time": "2020-04-24T15:37:15.512Z", "sensor_type": 1}}, {"model": "api.sensordata", "pk": 159, "fields": {"value": "19.0000", "time": "2020-04-24T15:37:22.764Z", "sensor_type": 1}}, {"model": "api.sensordata", "pk": 160, "fields": {"value": "10.0000", "time": "2020-04-24T15:37:30.024Z", "sensor_type": 1}}, {"model": "api.sensordata", "pk": 161, "fields": {"value": "11.0000", "time": "2020-04-24T15:37:37.294Z", "sensor_type": 1}}, {"model": "api.sensordata", "pk": 162, "fields": {"value": "0.0000", "time": "2020-04-24T15:37:44.668Z", "sensor_type": 1}}, {"model": "api.sensordata", "pk": 163, "fields": {"value": "24.0000", "time": "2020-04-24T15:37:52.126Z", "sensor_type": 1}}, {"model": "api.sensordata", "pk": 164, "fields": {"value": "21.0000", "time": "2020-04-24T15:37:59.538Z", "sensor_type": 1}}, {"model": "api.sensordata", "pk": 165, "fields": {"value": "3.0000", "time": "2020-04-24T15:38:06.923Z", "sensor_type": 1}}, {"model": "api.sensordata", "pk": 166, "fields": {"value": "9.0000", "time": "2020-04-24T15:38:14.340Z", "sensor_type": 1}}, {"model": "api.sensordata", "pk": 167, "fields": {"value": "17.0000", "time": "2020-04-24T15:38:21.661Z", "sensor_type": 1}}, {"model": "api.sensordata", "pk": 168, "fields": {"value": "14.0000", "time": "2020-04-24T15:38:29.041Z", "sensor_type": 1}}, {"model": "api.sensordata", "pk": 169, "fields": {"value": "0.0000", "time": "2020-04-24T15:38:36.310Z", "sensor_type": 1}}, {"model": "api.sensordata", "pk": 170, "fields": {"value": "18.0000", "time": "2020-04-24T15:38:43.732Z", "sensor_type": 1}}, {"model": "api.sensordata", "pk": 171, "fields": {"value": "10.0000", "time": "2020-04-24T15:38:51.057Z", "sensor_type": 1}}, {"model": "api.sensordata", "pk": 172, "fields": {"value": "8.0000", "time": "2020-04-24T15:38:58.553Z", "sensor_type": 1}}, {"model": "api.sensordata", "pk": 173, "fields": {"value": "16.0000", "time": "2020-04-24T15:39:05.837Z", "sensor_type": 1}}, {"model": "api.sensordata", "pk": 174, "fields": {"value": "5.0000", "time": "2020-04-24T15:39:13.207Z", "sensor_type": 1}}, {"model": "api.sensordata", "pk": 175, "fields": {"value": "7.0000", "time": "2020-04-24T15:39:20.511Z", "sensor_type": 1}}, {"model": "api.sensordata", "pk": 176, "fields": {"value": "21.0000", "time": "2020-04-24T15:39:27.892Z", "sensor_type": 1}}, {"model": "api.sensordata", "pk": 177, "fields": {"value": "15.0000", "time": "2020-04-24T15:39:35.448Z", "sensor_type": 1}}, {"model": "api.sensordata", "pk": 178, "fields": {"value": "11.0000", "time": "2020-04-24T15:39:42.801Z", "sensor_type": 1}}, {"model": "api.sensordata", "pk": 179, "fields": {"value": "12.0000", "time": "2020-04-24T15:39:50.321Z", "sensor_type": 1}}, {"model": "api.sensordata", "pk": 180, "fields": {"value": "3.0000", "time": "2020-04-24T15:39:57.668Z", "sensor_type": 1}}, {"model": "api.sensordata", "pk": 181, "fields": {"value": "3.0000", "time": "2020-04-24T15:40:05.045Z", "sensor_type": 1}}, {"model": "api.sensordata", "pk": 182, "fields": {"value": "4.0000", "time": "2020-04-24T15:40:12.464Z", "sensor_type": 1}}, {"model": "api.sensordata", "pk": 183, "fields": {"value": "4.0000", "time": "2020-04-24T15:40:19.842Z", "sensor_type": 1}}, {"model": "api.sensordata", "pk": 184, "fields": {"value": "16.0000", "time": "2020-04-24T15:40:27.221Z", "sensor_type": 1}}, {"model": "api.sensordata", "pk": 185, "fields": {"value": "1.0000", "time": "2020-04-24T15:40:34.582Z", "sensor_type": 1}}, {"model": "api.sensordata", "pk": 186, "fields": {"value": "18.0000", "time": "2020-04-24T15:40:41.929Z", "sensor_type": 1}}, {"model": "api.sensordata", "pk": 187, "fields": {"value": "11.0000", "time": "2020-04-24T15:40:49.233Z", "sensor_type": 1}}, {"model": "api.sensordata", "pk": 188, "fields": {"value": "7.0000", "time": "2020-04-24T15:40:56.647Z", "sensor_type": 1}}, {"model": "api.sensordata", "pk": 189, "fields": {"value": "1.0000", "time": "2020-04-24T15:41:03.877Z", "sensor_type": 1}}, {"model": "api.sensordata", "pk": 190, "fields": {"value": "8.0000", "time": "2020-04-24T15:41:11.225Z", "sensor_type": 1}}, {"model": "api.sensordata", "pk": 191, "fields": {"value": "6.0000", "time": "2020-04-24T15:41:18.661Z", "sensor_type": 1}}, {"model": "api.sensordata", "pk": 192, "fields": {"value": "22.0000", "time": "2020-04-24T15:41:25.980Z", "sensor_type": 1}}, {"model": "api.sensordata", "pk": 193, "fields": {"value": "23.0000", "time": "2020-04-24T15:41:33.392Z", "sensor_type": 1}}, {"model": "api.sensordata", "pk": 194, "fields": {"value": "6.0000", "time": "2020-04-24T15:41:40.756Z", "sensor_type": 1}}, {"model": "api.sensordata", "pk": 195, "fields": {"value": "8.0000", "time": "2020-04-24T15:41:48.166Z", "sensor_type": 1}}, {"model": "api.sensordata", "pk": 196, "fields": {"value": "13.0000", "time": "2020-04-24T15:41:55.530Z", "sensor_type": 1}}, {"model": "api.sensordata", "pk": 197, "fields": {"value": "11.0000", "time": "2020-04-24T15:42:02.941Z", "sensor_type": 1}}, {"model": "api.sensordata", "pk": 198, "fields": {"value": "14.0000", "time": "2020-04-24T15:42:10.319Z", "sensor_type": 1}}, {"model": "api.sensordata", "pk": 199, "fields": {"value": "23.0000", "time": "2020-04-24T15:42:17.653Z", "sensor_type": 1}}, {"model": "api.sensordata", "pk": 200, "fields": {"value": "1.0000", "time": "2020-04-24T15:42:24.991Z", "sensor_type": 1}}, {"model": "api.sensordata", "pk": 201, "fields": {"value": "9.0000", "time": "2020-04-24T15:42:32.329Z", "sensor_type": 1}}, {"model": "api.sensordata", "pk": 202, "fields": {"value": "15.0000", "time": "2020-04-24T15:42:39.796Z", "sensor_type": 1}}, {"model": "api.sensordata", "pk": 203, "fields": {"value": "23.0000", "time": "2020-04-24T15:42:47.147Z", "sensor_type": 1}}, {"model": "api.sensordata", "pk": 204, "fields": {"value": "10.0000", "time": "2020-04-24T15:42:54.551Z", "sensor_type": 1}}, {"model": "api.sensordata", "pk": 205, "fields": {"value": "4.0000", "time": "2020-04-24T15:43:01.837Z", "sensor_type": 1}}, {"model": "api.sensordata", "pk": 206, "fields": {"value": "12.0000", "time": "2020-04-24T15:43:09.087Z", "sensor_type": 1}}, {"model": "api.sensordata", "pk": 207, "fields": {"value": "20.0000", "time": "2020-04-24T15:43:16.396Z", "sensor_type": 1}}, {"model": "api.sensordata", "pk": 208, "fields": {"value": "21.0000", "time": "2020-04-24T15:43:23.798Z", "sensor_type": 1}}, {"model": "api.sensordata", "pk": 209, "fields": {"value": "5.0000", "time": "2020-04-24T15:43:31.335Z", "sensor_type": 1}}, {"model": "api.sensordata", "pk": 210, "fields": {"value": "9.0000", "time": "2020-04-24T15:43:38.730Z", "sensor_type": 1}}, {"model": "api.sensordata", "pk": 211, "fields": {"value": "14.0000", "time": "2020-04-24T15:43:46.088Z", "sensor_type": 1}}, {"model": "api.sensordata", "pk": 212, "fields": {"value": "15.0000", "time": "2020-04-24T15:43:53.346Z", "sensor_type": 1}}, {"model": "api.sensordata", "pk": 213, "fields": {"value": "2.0000", "time": "2020-04-24T15:44:00.631Z", "sensor_type": 1}}, {"model": "api.sensordata", "pk": 214, "fields": {"value": "4.0000", "time": "2020-04-24T15:44:07.863Z", "sensor_type": 1}}, {"model": "api.sensordata", "pk": 215, "fields": {"value": "13.0000", "time": "2020-04-24T15:44:15.252Z", "sensor_type": 1}}, {"model": "api.sensordata", "pk": 216, "fields": {"value": "9.0000", "time": "2020-04-24T15:44:22.581Z", "sensor_type": 1}}, {"model": "api.sensordata", "pk": 217, "fields": {"value": "23.0000", "time": "2020-04-24T15:44:29.983Z", "sensor_type": 1}}, {"model": "api.sensordata", "pk": 218, "fields": {"value": "21.0000", "time": "2020-04-24T15:44:37.308Z", "sensor_type": 1}}, {"model": "api.sensordata", "pk": 219, "fields": {"value": "7.0000", "time": "2020-04-24T15:44:44.492Z", "sensor_type": 1}}, {"model": "api.sensordata", "pk": 220, "fields": {"value": "1.0000", "time": "2020-04-24T15:44:51.846Z", "sensor_type": 1}}, {"model": "api.sensordata", "pk": 221, "fields": {"value": "10.0000", "time": "2020-04-24T15:44:59.158Z", "sensor_type": 1}}, {"model": "api.sensordata", "pk": 222, "fields": {"value": "3.0000", "time": "2020-04-24T15:45:06.427Z", "sensor_type": 1}}, {"model": "api.sensordata", "pk": 223, "fields": {"value": "16.0000", "time": "2020-04-24T15:45:13.671Z", "sensor_type": 1}}, {"model": "api.sensordata", "pk": 224, "fields": {"value": "5.0000", "time": "2020-04-24T15:45:21.066Z", "sensor_type": 1}}, {"model": "api.sensordata", "pk": 225, "fields": {"value": "22.0000", "time": "2020-04-24T15:45:28.517Z", "sensor_type": 1}}, {"model": "api.sensordata", "pk": 226, "fields": {"value": "7.0000", "time": "2020-04-24T15:45:35.883Z", "sensor_type": 1}}, {"model": "api.sensordata", "pk": 227, "fields": {"value": "7.0000", "time": "2020-04-24T15:45:43.172Z", "sensor_type": 1}}, {"model": "api.sensordata", "pk": 228, "fields": {"value": "20.0000", "time": "2020-04-24T15:45:50.420Z", "sensor_type": 1}}, {"model": "api.sensordata", "pk": 229, "fields": {"value": "11.0000", "time": "2020-04-24T15:45:57.768Z", "sensor_type": 1}}, {"model": "api.sensordata", "pk": 230, "fields": {"value": "1.0000", "time": "2020-04-24T15:46:05.027Z", "sensor_type": 1}}, {"model": "api.sensordata", "pk": 231, "fields": {"value": "20.0000", "time": "2020-04-24T15:46:12.457Z", "sensor_type": 1}}, {"model": "api.sensordata", "pk": 232, "fields": {"value": "0.0000", "time": "2020-04-24T15:46:19.761Z", "sensor_type": 1}}, {"model": "api.sensordata", "pk": 233, "fields": {"value": "12.0000", "time": "2020-04-24T15:46:27.136Z", "sensor_type": 1}}, {"model": "api.sensordata", "pk": 234, "fields": {"value": "22.0000", "time": "2020-04-24T15:46:34.628Z", "sensor_type": 1}}, {"model": "api.sensordata", "pk": 235, "fields": {"value": "15.0000", "time": "2020-04-24T15:46:41.917Z", "sensor_type": 1}}, {"model": "api.sensordata", "pk": 236, "fields": {"value": "14.0000", "time": "2020-04-24T15:46:49.367Z", "sensor_type": 1}}, {"model": "api.sensordata", "pk": 237, "fields": {"value": "2.0000", "time": "2020-04-24T15:46:56.661Z", "sensor_type": 1}}, {"model": "api.sensordata", "pk": 238, "fields": {"value": "24.0000", "time": "2020-04-24T15:47:04.082Z", "sensor_type": 1}}, {"model": "api.sensordata", "pk": 239, "fields": {"value": "10.0000", "time": "2020-04-24T15:47:11.482Z", "sensor_type": 1}}, {"model": "api.sensordata", "pk": 240, "fields": {"value": "10.0000", "time": "2020-04-24T15:47:18.742Z", "sensor_type": 1}}, {"model": "api.sensordata", "pk": 241, "fields": {"value": "5.0000", "time": "2020-04-24T15:47:26.057Z", "sensor_type": 1}}, {"model": "api.sensordata", "pk": 242, "fields": {"value": "2.0000", "time": "2020-04-24T15:47:33.300Z", "sensor_type": 1}}, {"model": "api.sensordata", "pk": 243, "fields": {"value": "8.0000", "time": "2020-04-24T15:47:40.631Z", "sensor_type": 1}}, {"model": "api.sensordata", "pk": 244, "fields": {"value": "24.0000", "time": "2020-04-24T15:47:48.006Z", "sensor_type": 1}}, {"model": "api.sensordata", "pk": 245, "fields": {"value": "17.0000", "time": "2020-04-24T15:47:55.456Z", "sensor_type": 1}}, {"model": "api.sensordata", "pk": 246, "fields": {"value": "16.0000", "time": "2020-04-24T15:48:02.682Z", "sensor_type": 1}}, {"model": "api.sensordata", "pk": 247, "fields": {"value": "14.0000", "time": "2020-04-24T15:48:10.048Z", "sensor_type": 1}}, {"model": "api.sensordata", "pk": 248, "fields": {"value": "14.0000", "time": "2020-04-24T15:48:17.450Z", "sensor_type": 1}}, {"model": "api.sensordata", "pk": 249, "fields": {"value": "4.0000", "time": "2020-04-24T15:48:24.815Z", "sensor_type": 1}}, {"model": "api.sensordata", "pk": 250, "fields": {"value": "3.0000", "time": "2020-04-24T15:48:32.195Z", "sensor_type": 1}}, {"model": "api.sensordata", "pk": 251, "fields": {"value": "18.0000", "time": "2020-04-24T15:48:39.589Z", "sensor_type": 1}}, {"model": "api.sensordata", "pk": 252, "fields": {"value": "22.0000", "time": "2020-04-24T15:48:46.920Z", "sensor_type": 1}}, {"model": "api.sensordata", "pk": 253, "fields": {"value": "7.0000", "time": "2020-04-24T15:48:54.422Z", "sensor_type": 1}}, {"model": "api.sensordata", "pk": 254, "fields": {"value": "22.0000", "time": "2020-04-24T15:49:01.637Z", "sensor_type": 1}}, {"model": "api.sensordata", "pk": 255, "fields": {"value": "12.0000", "time": "2020-04-24T15:49:08.964Z", "sensor_type": 1}}, {"model": "api.sensordata", "pk": 256, "fields": {"value": "8.0000", "time": "2020-04-24T15:49:16.339Z", "sensor_type": 1}}, {"model": "api.sensordata", "pk": 257, "fields": {"value": "0.0000", "time": "2020-04-24T15:49:23.766Z", "sensor_type": 1}}, {"model": "api.sensordata", "pk": 258, "fields": {"value": "2.0000", "time": "2020-04-24T15:49:31.100Z", "sensor_type": 1}}, {"model": "api.sensordata", "pk": 259, "fields": {"value": "20.0000", "time": "2020-04-24T15:49:38.563Z", "sensor_type": 1}}, {"model": "api.sensordata", "pk": 260, "fields": {"value": "3.0000", "time": "2020-04-24T15:49:45.917Z", "sensor_type": 1}}, {"model": "api.sensordata", "pk": 261, "fields": {"value": "14.0000", "time": "2020-04-24T15:49:53.332Z", "sensor_type": 1}}, {"model": "api.sensordata", "pk": 262, "fields": {"value": "19.0000", "time": "2020-04-24T15:50:00.649Z", "sensor_type": 1}}, {"model": "api.sensordata", "pk": 263, "fields": {"value": "7.0000", "time": "2020-04-24T15:50:08.004Z", "sensor_type": 1}}, {"model": "api.sensordata", "pk": 264, "fields": {"value": "14.0000", "time": "2020-04-24T15:50:15.314Z", "sensor_type": 1}}, {"model": "api.sensordata", "pk": 265, "fields": {"value": "4.0000", "time": "2020-04-24T15:50:22.726Z", "sensor_type": 1}}, {"model": "api.sensordata", "pk": 266, "fields": {"value": "14.0000", "time": "2020-04-24T15:50:30.187Z", "sensor_type": 1}}, {"model": "api.sensordata", "pk": 267, "fields": {"value": "1.0000", "time": "2020-04-24T15:50:37.528Z", "sensor_type": 1}}, {"model": "api.sensordata", "pk": 268, "fields": {"value": "22.0000", "time": "2020-04-24T15:50:44.911Z", "sensor_type": 1}}, {"model": "api.sensordata", "pk": 269, "fields": {"value": "3.0000", "time": "2020-04-24T15:50:52.287Z", "sensor_type": 1}}, {"model": "api.sensordata", "pk": 270, "fields": {"value": "5.0000", "time": "2020-04-24T15:50:59.483Z", "sensor_type": 1}}, {"model": "api.sensordata", "pk": 271, "fields": {"value": "8.0000", "time": "2020-04-24T15:51:06.877Z", "sensor_type": 1}}, {"model": "api.sensordata", "pk": 272, "fields": {"value": "2.0000", "time": "2020-04-24T15:51:14.307Z", "sensor_type": 1}}, {"model": "api.sensordata", "pk": 273, "fields": {"value": "4.0000", "time": "2020-04-24T15:51:21.626Z", "sensor_type": 1}}, {"model": "api.sensordata", "pk": 274, "fields": {"value": "17.0000", "time": "2020-04-24T15:51:28.814Z", "sensor_type": 1}}, {"model": "api.sensordata", "pk": 275, "fields": {"value": "10.0000", "time": "2020-04-24T15:51:36.128Z", "sensor_type": 1}}, {"model": "api.sensordata", "pk": 276, "fields": {"value": "22.0000", "time": "2020-04-24T15:51:43.393Z", "sensor_type": 1}}, {"model": "api.sensordata", "pk": 277, "fields": {"value": "3.0000", "time": "2020-04-24T15:51:50.664Z", "sensor_type": 1}}, {"model": "api.sensordata", "pk": 278, "fields": {"value": "4.0000", "time": "2020-04-24T15:51:57.874Z", "sensor_type": 1}}, {"model": "api.sensordata", "pk": 279, "fields": {"value": "12.0000", "time": "2020-04-24T15:52:05.185Z", "sensor_type": 1}}, {"model": "api.sensordata", "pk": 280, "fields": {"value": "21.0000", "time": "2020-04-24T15:52:12.728Z", "sensor_type": 1}}, {"model": "api.sensordata", "pk": 281, "fields": {"value": "0.0000", "time": "2020-04-24T15:52:20.033Z", "sensor_type": 1}}, {"model": "api.sensordata", "pk": 282, "fields": {"value": "18.0000", "time": "2020-04-24T15:52:27.417Z", "sensor_type": 1}}, {"model": "api.sensordata", "pk": 283, "fields": {"value": "4.0000", "time": "2020-04-24T15:52:34.802Z", "sensor_type": 1}}, {"model": "api.sensordata", "pk": 284, "fields": {"value": "16.0000", "time": "2020-04-24T15:52:42.157Z", "sensor_type": 1}}, {"model": "api.sensordata", "pk": 285, "fields": {"value": "1.0000", "time": "2020-04-24T15:52:49.535Z", "sensor_type": 1}}, {"model": "api.sensordata", "pk": 286, "fields": {"value": "14.0000", "time": "2020-04-24T15:52:57.011Z", "sensor_type": 1}}, {"model": "api.sensordata", "pk": 287, "fields": {"value": "24.0000", "time": "2020-04-24T15:53:04.602Z", "sensor_type": 1}}, {"model": "api.sensordata", "pk": 288, "fields": {"value": "18.0000", "time": "2020-04-24T15:53:12.059Z", "sensor_type": 1}}, {"model": "api.sensordata", "pk": 289, "fields": {"value": "1.0000", "time": "2020-04-24T15:53:19.547Z", "sensor_type": 1}}, {"model": "api.sensordata", "pk": 290, "fields": {"value": "21.0000", "time": "2020-04-24T15:53:27.156Z", "sensor_type": 1}}, {"model": "api.sensordata", "pk": 291, "fields": {"value": "8.0000", "time": "2020-04-24T15:53:34.748Z", "sensor_type": 1}}, {"model": "api.sensordata", "pk": 292, "fields": {"value": "13.0000", "time": "2020-04-24T15:53:42.421Z", "sensor_type": 1}}, {"model": "api.sensordata", "pk": 293, "fields": {"value": "4.0000", "time": "2020-04-24T15:53:50.051Z", "sensor_type": 1}}, {"model": "api.sensordata", "pk": 294, "fields": {"value": "12.0000", "time": "2020-04-24T15:53:57.689Z", "sensor_type": 1}}, {"model": "api.sensordata", "pk": 295, "fields": {"value": "10.0000", "time": "2020-04-24T15:54:05.402Z", "sensor_type": 1}}, {"model": "api.sensordata", "pk": 296, "fields": {"value": "4.0000", "time": "2020-04-24T15:54:13.135Z", "sensor_type": 1}}, {"model": "api.sensordata", "pk": 297, "fields": {"value": "17.0000", "time": "2020-04-24T15:54:20.614Z", "sensor_type": 1}}, {"model": "api.sensordata", "pk": 298, "fields": {"value": "3.0000", "time": "2020-04-24T15:54:28.152Z", "sensor_type": 1}}, {"model": "api.sensordata", "pk": 299, "fields": {"value": "23.0000", "time": "2020-04-24T16:26:25.071Z", "sensor_type": 1}}, {"model": "api.sensordata", "pk": 300, "fields": {"value": "3.0000", "time": "2020-04-24T16:26:32.335Z", "sensor_type": 1}}, {"model": "api.sensordata", "pk": 301, "fields": {"value": "20.0000", "time": "2020-04-24T16:26:39.651Z", "sensor_type": 1}}, {"model": "api.sensordata", "pk": 302, "fields": {"value": "1.0000", "time": "2020-04-24T16:26:46.999Z", "sensor_type": 1}}, {"model": "api.sensordata", "pk": 303, "fields": {"value": "19.0000", "time": "2020-04-24T16:26:54.377Z", "sensor_type": 1}}, {"model": "api.sensordata", "pk": 304, "fields": {"value": "1.0000", "time": "2020-04-24T16:27:01.783Z", "sensor_type": 1}}, {"model": "api.sensordata", "pk": 305, "fields": {"value": "13.0000", "time": "2020-04-24T16:27:09.105Z", "sensor_type": 1}}, {"model": "api.sensordata", "pk": 306, "fields": {"value": "21.0000", "time": "2020-04-24T16:27:16.445Z", "sensor_type": 1}}, {"model": "api.sensordata", "pk": 307, "fields": {"value": "6.0000", "time": "2020-04-24T16:27:23.939Z", "sensor_type": 1}}, {"model": "api.sensordata", "pk": 308, "fields": {"value": "1.0000", "time": "2020-04-24T16:27:31.255Z", "sensor_type": 1}}, {"model": "api.sensordata", "pk": 309, "fields": {"value": "18.0000", "time": "2020-04-24T16:27:38.497Z", "sensor_type": 1}}, {"model": "api.sensordata", "pk": 310, "fields": {"value": "24.0000", "time": "2020-04-24T16:27:45.863Z", "sensor_type": 1}}, {"model": "api.sensordata", "pk": 311, "fields": {"value": "6.0000", "time": "2020-04-24T16:27:53.104Z", "sensor_type": 1}}, {"model": "api.sensordata", "pk": 312, "fields": {"value": "18.0000", "time": "2020-04-24T16:28:00.432Z", "sensor_type": 1}}, {"model": "api.sensordata", "pk": 313, "fields": {"value": "1.0000", "time": "2020-04-24T16:28:07.755Z", "sensor_type": 1}}, {"model": "api.sensordata", "pk": 314, "fields": {"value": "15.0000", "time": "2020-04-24T16:28:15.031Z", "sensor_type": 1}}, {"model": "api.sensordata", "pk": 315, "fields": {"value": "3.0000", "time": "2020-04-24T16:28:22.261Z", "sensor_type": 1}}, {"model": "api.sensordata", "pk": 316, "fields": {"value": "24.0000", "time": "2020-04-24T16:28:29.608Z", "sensor_type": 1}}, {"model": "api.sensordata", "pk": 317, "fields": {"value": "5.0000", "time": "2020-04-24T16:28:36.805Z", "sensor_type": 1}}, {"model": "api.sensordata", "pk": 318, "fields": {"value": "11.0000", "time": "2020-04-25T19:42:20.974Z", "sensor_type": 1}}, {"model": "api.sensordata", "pk": 319, "fields": {"value": "11.0000", "time": "2020-04-25T19:43:28.211Z", "sensor_type": 1}}, {"model": "api.sensordata", "pk": 320, "fields": {"value": "11.0000", "time": "2020-04-25T18:23:28.211Z", "sensor_type": 1}}, {"model": "api.sensordata", "pk": 321, "fields": {"value": "5.0000", "time": "2020-04-17T22:00:00Z", "sensor_type": 1}}, {"model": "api.sensordata", "pk": 322, "fields": {"value": "5.0000", "time": "2020-04-25T19:54:35.080Z", "sensor_type": 1}}, {"model": "api.sensordata", "pk": 323, "fields": {"value": "5.0000", "time": "2020-04-25T19:54:45.304Z", "sensor_type": 1}}, {"model": "api.sensordata", "pk": 324, "fields": {"value": "11.0000", "time": "2020-04-25T20:41:43.458Z", "sensor_type": 1}}, {"model": "api.sensordata", "pk": 325, "fields": {"value": "344.0000", "time": "2020-04-27T21:14:39.933Z", "sensor_type": 2}}, {"model": "api.sensordata", "pk": 326, "fields": {"value": "463.0000", "time": "2020-04-27T21:14:41.241Z", "sensor_type": 3}}, {"model": "api.sensordata", "pk": 327, "fields": {"value": "26509.0000", "time": "2020-04-27T21:14:42.699Z", "sensor_type": 4}}, {"model": "api.sensordata", "pk": 328, "fields": {"value": "1153.0000", "time": "2020-04-27T21:14:43.421Z", "sensor_type": 5}}, {"model": "api.sensordata", "pk": 329, "fields": {"value": "11.0000", "time": "2020-04-27T21:14:44.023Z", "sensor_type": 6}}, {"model": "api.sensordata", "pk": 330, "fields": {"value": "6361.0000", "time": "2020-04-27T21:14:45.253Z", "sensor_type": 7}}, {"model": "api.sensordata", "pk": 331, "fields": {"value": "492.0000", "time": "2020-04-27T21:14:45.857Z", "sensor_type": 8}}, {"model": "api.sensordata", "pk": 332, "fields": {"value": "1257.0000", "time": "2020-04-27T21:14:47.062Z", "sensor_type": 9}}, {"model": "api.sensordata", "pk": 333, "fields": {"value": "2870.0000", "time": "2020-04-27T21:14:47.799Z", "sensor_type": 10}}, {"model": "api.sensordata", "pk": 334, "fields": {"value": "4463.0000", "time": "2020-04-27T21:14:49.022Z", "sensor_type": 11}}, {"model": "api.sensordata", "pk": 335, "fields": {"value": "285.0000", "time": "2020-04-28T15:08:02.749Z", "sensor_type": 2}}, {"model": "api.sensordata", "pk": 336, "fields": {"value": "286.0000", "time": "2020-04-28T15:08:03.764Z", "sensor_type": 3}}, {"model": "api.sensordata", "pk": 337, "fields": {"value": "23196.0000", "time": "2020-04-28T15:08:04.619Z", "sensor_type": 4}}, {"model": "api.sensordata", "pk": 338, "fields": {"value": "991.0000", "time": "2020-04-28T15:08:05.801Z", "sensor_type": 5}}, {"model": "api.sensordata", "pk": 339, "fields": {"value": "3.0000", "time": "2020-04-28T15:08:06.552Z", "sensor_type": 6}}, {"model": "api.sensordata", "pk": 340, "fields": {"value": "6198.0000", "time": "2020-04-28T15:08:07.122Z", "sensor_type": 7}}, {"model": "api.sensordata", "pk": 341, "fields": {"value": "392.0000", "time": "2020-04-28T15:08:07.810Z", "sensor_type": 8}}, {"model": "api.sensordata", "pk": 342, "fields": {"value": "988.0000", "time": "2020-04-28T15:08:08.520Z", "sensor_type": 9}}, {"model": "api.sensordata", "pk": 343, "fields": {"value": "2793.0000", "time": "2020-04-28T15:08:09.716Z", "sensor_type": 10}}, {"model": "api.sensordata", "pk": 344, "fields": {"value": "4463.0000", "time": "2020-04-28T15:08:10.295Z", "sensor_type": 11}}, {"model": "api.sensordata", "pk": 345, "fields": {"value": "316.0000", "time": "2020-04-29T14:15:12.346Z", "sensor_type": 2}}, {"model": "api.sensordata", "pk": 346, "fields": {"value": "695.0000", "time": "2020-04-29T14:15:13.550Z", "sensor_type": 3}}, {"model": "api.sensordata", "pk": 347, "fields": {"value": "25409.0000", "time": "2020-04-29T14:15:14.394Z", "sensor_type": 4}}, {"model": "api.sensordata", "pk": 348, "fields": {"value": "1112.0000", "time": "2020-04-29T14:15:15.626Z", "sensor_type": 5}}, {"model": "api.sensordata", "pk": 349, "fields": {"value": "6.0000", "time": "2020-04-29T14:15:16.832Z", "sensor_type": 6}}, {"model": "api.sensordata", "pk": 350, "fields": {"value": "6411.0000", "time": "2020-04-29T14:15:17.320Z", "sensor_type": 7}}, {"model": "api.sensordata", "pk": 351, "fields": {"value": "401.0000", "time": "2020-04-29T14:15:18.437Z", "sensor_type": 8}}, {"model": "api.sensordata", "pk": 352, "fields": {"value": "1154.0000", "time": "2020-04-29T14:15:19.614Z", "sensor_type": 9}}, {"model": "api.sensordata", "pk": 353, "fields": {"value": "2706.0000", "time": "2020-04-29T14:15:20.760Z", "sensor_type": 10}}, {"model": "api.sensordata", "pk": 354, "fields": {"value": "4309.0000", "time": "2020-04-29T14:15:21.473Z", "sensor_type": 11}}, {"model": "api.sensordata", "pk": 355, "fields": {"value": "237.0000", "time": "2020-05-01T19:18:24.331Z", "sensor_type": 2}}, {"model": "api.sensordata", "pk": 356, "fields": {"value": "790.0000", "time": "2020-05-01T19:18:27.985Z", "sensor_type": 3}}, {"model": "api.sensordata", "pk": 357, "fields": {"value": "30829.0000", "time": "2020-05-01T19:18:29.224Z", "sensor_type": 4}}, {"model": "api.sensordata", "pk": 358, "fields": {"value": "983.0000", "time": "2020-05-01T19:18:29.989Z", "sensor_type": 5}}, {"model": "api.sensordata", "pk": 359, "fields": {"value": "4.0000", "time": "2020-05-01T19:18:30.660Z", "sensor_type": 6}}, {"model": "api.sensordata", "pk": 360, "fields": {"value": "7099.0000", "time": "2020-05-01T19:18:31.587Z", "sensor_type": 7}}, {"model": "api.sensordata", "pk": 361, "fields": {"value": "540.0000", "time": "2020-05-01T19:18:33.615Z", "sensor_type": 8}}, {"model": "api.sensordata", "pk": 362, "fields": {"value": "1470.0000", "time": "2020-05-01T19:18:34.717Z", "sensor_type": 9}}, {"model": "api.sensordata", "pk": 363, "fields": {"value": "2441.0000", "time": "2020-05-01T19:18:35.767Z", "sensor_type": 10}}, {"model": "api.sensordata", "pk": 364, "fields": {"value": "6032.0000", "time": "2020-05-01T19:18:36.468Z", "sensor_type": 11}}, {"model": "api.sensordata", "pk": 365, "fields": {"value": "228.0000", "time": "2020-05-02T20:33:23.819Z", "sensor_type": 2}}, {"model": "api.sensordata", "pk": 366, "fields": {"value": "428.0000", "time": "2020-05-02T20:33:28.477Z", "sensor_type": 3}}, {"model": "api.sensordata", "pk": 367, "fields": {"value": "12.0000", "time": "2020-05-02T20:34:58.322Z", "sensor_type": 6}}, {"model": "api.sensordata", "pk": 368, "fields": {"value": "7.0000", "time": "2020-05-02T20:37:56.914Z", "sensor_type": 7}}, {"model": "api.sensordata", "pk": 369, "fields": {"value": "455.0000", "time": "2020-05-02T20:37:57.553Z", "sensor_type": 8}}, {"model": "api.sensordata", "pk": 370, "fields": {"value": "1.0000", "time": "2020-05-02T20:37:58.448Z", "sensor_type": 9}}, {"model": "api.sensordata", "pk": 371, "fields": {"value": "3.0000", "time": "2020-05-02T20:37:59.253Z", "sensor_type": 10}}, {"model": "api.sensordata", "pk": 372, "fields": {"value": "6.0000", "time": "2020-05-02T20:37:59.975Z", "sensor_type": 11}}, {"model": "api.sensordata", "pk": 373, "fields": {"value": "228.0000", "time": "2020-05-02T20:42:02.550Z", "sensor_type": 2}}, {"model": "api.sensordata", "pk": 374, "fields": {"value": "428.0000", "time": "2020-05-02T20:42:03.439Z", "sensor_type": 3}}, {"model": "api.sensordata", "pk": 375, "fields": {"value": "36007.0000", "time": "2020-05-02T20:42:04.304Z", "sensor_type": 4}}, {"model": "api.sensordata", "pk": 376, "fields": {"value": "1006.0000", "time": "2020-05-02T20:42:05.670Z", "sensor_type": 5}}, {"model": "api.sensordata", "pk": 377, "fields": {"value": "12.0000", "time": "2020-05-02T20:42:12.971Z", "sensor_type": 6}}, {"model": "api.sensordata", "pk": 378, "fields": {"value": "7933.0000", "time": "2020-05-02T20:42:13.958Z", "sensor_type": 7}}, {"model": "api.sensordata", "pk": 379, "fields": {"value": "455.0000", "time": "2020-05-02T20:42:14.630Z", "sensor_type": 8}}, {"model": "api.sensordata", "pk": 380, "fields": {"value": "1068.0000", "time": "2020-05-02T20:42:25.241Z", "sensor_type": 9}}, {"model": "api.sensordata", "pk": 381, "fields": {"value": "3639.0000", "time": "2020-05-02T20:42:26.865Z", "sensor_type": 10}}, {"model": "api.sensordata", "pk": 382, "fields": {"value": "6201.0000", "time": "2020-05-02T20:42:27.929Z", "sensor_type": 11}}, {"model": "api.sensordata", "pk": 383, "fields": {"value": "270.0000", "time": "2020-05-03T21:25:08.642Z", "sensor_type": 2}}, {"model": "api.sensordata", "pk": 384, "fields": {"value": "562.0000", "time": "2020-05-03T21:25:13.728Z", "sensor_type": 3}}, {"model": "api.sensordata", "pk": 385, "fields": {"value": "29744.0000", "time": "2020-05-03T21:25:14.843Z", "sensor_type": 4}}, {"model": "api.sensordata", "pk": 386, "fields": {"value": "802.0000", "time": "2020-05-03T21:25:15.470Z", "sensor_type": 5}}, {"model": "api.sensordata", "pk": 387, "fields": {"value": "1.0000", "time": "2020-05-03T21:25:16.450Z", "sensor_type": 6}}, {"model": "api.sensordata", "pk": 388, "fields": {"value": "9623.0000", "time": "2020-05-03T21:25:16.983Z", "sensor_type": 7}}, {"model": "api.sensordata", "pk": 389, "fields": {"value": "550.0000", "time": "2020-05-03T21:25:17.864Z", "sensor_type": 8}}, {"model": "api.sensordata", "pk": 390, "fields": {"value": "890.0000", "time": "2020-05-03T21:25:18.499Z", "sensor_type": 9}}, {"model": "api.sensordata", "pk": 391, "fields": {"value": "2610.0000", "time": "2020-05-03T21:25:19.116Z", "sensor_type": 10}}, {"model": "api.sensordata", "pk": 392, "fields": {"value": "4806.0000", "time": "2020-05-03T21:25:19.738Z", "sensor_type": 11}}, {"model": "api.sensordata", "pk": 393, "fields": {"value": "309.0000", "time": "2020-05-07T18:08:15.980Z", "sensor_type": 2}}, {"model": "api.sensordata", "pk": 394, "fields": {"value": "702.0000", "time": "2020-05-07T18:08:20.585Z", "sensor_type": 3}}, {"model": "api.sensordata", "pk": 395, "fields": {"value": "25459.0000", "time": "2020-05-07T18:08:21.473Z", "sensor_type": 4}}, {"model": "api.sensordata", "pk": 396, "fields": {"value": "1680.0000", "time": "2020-05-07T18:08:22.550Z", "sensor_type": 5}}, {"model": "api.sensordata", "pk": 397, "fields": {"value": "2.0000", "time": "2020-05-07T18:08:23.185Z", "sensor_type": 6}}, {"model": "api.sensordata", "pk": 398, "fields": {"value": "10559.0000", "time": "2020-05-07T18:08:23.997Z", "sensor_type": 7}}, {"model": "api.sensordata", "pk": 399, "fields": {"value": "487.0000", "time": "2020-05-07T18:08:24.500Z", "sensor_type": 8}}, {"model": "api.sensordata", "pk": 400, "fields": {"value": "1155.0000", "time": "2020-05-07T18:08:25.449Z", "sensor_type": 9}}, {"model": "api.sensordata", "pk": 401, "fields": {"value": "3121.0000", "time": "2020-05-07T18:08:26.129Z", "sensor_type": 10}}, {"model": "api.sensordata", "pk": 402, "fields": {"value": "6111.0000", "time": "2020-05-07T18:08:27.034Z", "sensor_type": 11}}, {"model": "auth.permission", "pk": 1, "fields": {"name": "Can add log entry", "content_type": 1, "codename": "add_logentry"}}, {"model": "auth.permission", "pk": 2, "fields": {"name": "Can change log entry", "content_type": 1, "codename": "change_logentry"}}, {"model": "auth.permission", "pk": 3, "fields": {"name": "Can delete log entry", "content_type": 1, "codename": "delete_logentry"}}, {"model": "auth.permission", "pk": 4, "fields": {"name": "Can view log entry", "content_type": 1, "codename": "view_logentry"}}, {"model": "auth.permission", "pk": 5, "fields": {"name": "Can add permission", "content_type": 2, "codename": "add_permission"}}, {"model": "auth.permission", "pk": 6, "fields": {"name": "Can change permission", "content_type": 2, "codename": "change_permission"}}, {"model": "auth.permission", "pk": 7, "fields": {"name": "Can delete permission", "content_type": 2, "codename": "delete_permission"}}, {"model": "auth.permission", "pk": 8, "fields": {"name": "Can view permission", "content_type": 2, "codename": "view_permission"}}, {"model": "auth.permission", "pk": 9, "fields": {"name": "Can add group", "content_type": 3, "codename": "add_group"}}, {"model": "auth.permission", "pk": 10, "fields": {"name": "Can change group", "content_type": 3, "codename": "change_group"}}, {"model": "auth.permission", "pk": 11, "fields": {"name": "Can delete group", "content_type": 3, "codename": "delete_group"}}, {"model": "auth.permission", "pk": 12, "fields": {"name": "Can view group", "content_type": 3, "codename": "view_group"}}, {"model": "auth.permission", "pk": 13, "fields": {"name": "Can add user", "content_type": 4, "codename": "add_user"}}, {"model": "auth.permission", "pk": 14, "fields": {"name": "Can change user", "content_type": 4, "codename": "change_user"}}, {"model": "auth.permission", "pk": 15, "fields": {"name": "Can delete user", "content_type": 4, "codename": "delete_user"}}, {"model": "auth.permission", "pk": 16, "fields": {"name": "Can view user", "content_type": 4, "codename": "view_user"}}, {"model": "auth.permission", "pk": 17, "fields": {"name": "Can add content type", "content_type": 5, "codename": "add_contenttype"}}, {"model": "auth.permission", "pk": 18, "fields": {"name": "Can change content type", "content_type": 5, "codename": "change_contenttype"}}, {"model": "auth.permission", "pk": 19, "fields": {"name": "Can delete content type", "content_type": 5, "codename": "delete_contenttype"}}, {"model": "auth.permission", "pk": 20, "fields": {"name": "Can view content type", "content_type": 5, "codename": "view_contenttype"}}, {"model": "auth.permission", "pk": 21, "fields": {"name": "Can add session", "content_type": 6, "codename": "add_session"}}, {"model": "auth.permission", "pk": 22, "fields": {"name": "Can change session", "content_type": 6, "codename": "change_session"}}, {"model": "auth.permission", "pk": 23, "fields": {"name": "Can delete session", "content_type": 6, "codename": "delete_session"}}, {"model": "auth.permission", "pk": 24, "fields": {"name": "Can view session", "content_type": 6, "codename": "view_session"}}, {"model": "auth.permission", "pk": 25, "fields": {"name": "Can add sensor location", "content_type": 7, "codename": "add_sensorlocation"}}, {"model": "auth.permission", "pk": 26, "fields": {"name": "Can change sensor location", "content_type": 7, "codename": "change_sensorlocation"}}, {"model": "auth.permission", "pk": 27, "fields": {"name": "Can delete sensor location", "content_type": 7, "codename": "delete_sensorlocation"}}, {"model": "auth.permission", "pk": 28, "fields": {"name": "Can view sensor location", "content_type": 7, "codename": "view_sensorlocation"}}, {"model": "auth.permission", "pk": 29, "fields": {"name": "Can add sensor type", "content_type": 8, "codename": "add_sensortype"}}, {"model": "auth.permission", "pk": 30, "fields": {"name": "Can change sensor type", "content_type": 8, "codename": "change_sensortype"}}, {"model": "auth.permission", "pk": 31, "fields": {"name": "Can delete sensor type", "content_type": 8, "codename": "delete_sensortype"}}, {"model": "auth.permission", "pk": 32, "fields": {"name": "Can view sensor type", "content_type": 8, "codename": "view_sensortype"}}, {"model": "auth.permission", "pk": 33, "fields": {"name": "Can add sensor data", "content_type": 9, "codename": "add_sensordata"}}, {"model": "auth.permission", "pk": 34, "fields": {"name": "Can change sensor data", "content_type": 9, "codename": "change_sensordata"}}, {"model": "auth.permission", "pk": 35, "fields": {"name": "Can delete sensor data", "content_type": 9, "codename": "delete_sensordata"}}, {"model": "auth.permission", "pk": 36, "fields": {"name": "Can view sensor data", "content_type": 9, "codename": "view_sensordata"}}, {"model": "auth.user", "pk": 1, "fields": {"password": "pbkdf2_sha256$180000$LFMLbn19Jmqt$Lwb9tiembkbXmG4Bf5IEnqhxkeUJDS9xvBg++LASEHk=", "last_login": "2020-04-25T19:41:28.680Z", "is_superuser": true, "username": "admin", "first_name": "", "last_name": "", "email": "przemos100@gmail.com", "is_staff": true, "is_active": true, "date_joined": "2020-04-19T11:18:51.359Z", "groups": [], "user_permissions": []}}, {"model": "admin.logentry", "pk": 1, "fields": {"action_time": "2020-04-19T11:24:58.500Z", "user": 1, "content_type": 7, "object_id": "1", "object_repr": "SensorLocation object (1)", "action_flag": 1, "change_message": "[{\"added\": {}}]"}}, {"model": "admin.logentry", "pk": 2, "fields": {"action_time": "2020-04-19T11:25:34.011Z", "user": 1, "content_type": 7, "object_id": "1", "object_repr": "SensorLocation object (1)", "action_flag": 2, "change_message": "[{\"changed\": {\"fields\": [\"Name\"]}}]"}}, {"model": "admin.logentry", "pk": 3, "fields": {"action_time": "2020-04-19T11:29:56.213Z", "user": 1, "content_type": 8, "object_id": "1", "object_repr": "Warsaw Temp Sensor", "action_flag": 1, "change_message": "[{\"added\": {}}]"}}, {"model": "admin.logentry", "pk": 4, "fields": {"action_time": "2020-04-19T11:33:23.665Z", "user": 1, "content_type": 9, "object_id": "4", "object_repr": "2020-04-19 - Warsaw Temp Sensor - 12.0", "action_flag": 3, "change_message": ""}}, {"model": "admin.logentry", "pk": 5, "fields": {"action_time": "2020-04-19T11:33:23.677Z", "user": 1, "content_type": 9, "object_id": "3", "object_repr": "2020-04-19 - Warsaw Temp Sensor - 20.0", "action_flag": 3, "change_message": ""}}, {"model": "admin.logentry", "pk": 6, "fields": {"action_time": "2020-04-19T11:33:23.679Z", "user": 1, "content_type": 9, "object_id": "2", "object_repr": "2020-04-19 - Warsaw Temp Sensor - 10.0", "action_flag": 3, "change_message": ""}}, {"model": "admin.logentry", "pk": 7, "fields": {"action_time": "2020-04-27T21:01:09.981Z", "user": 1, "content_type": 8, "object_id": "2", "object_repr": "Poland Covid Sensor", "action_flag": 2, "change_message": "[{\"changed\": {\"fields\": [\"Max value\"]}}]"}}, {"model": "admin.logentry", "pk": 8, "fields": {"action_time": "2020-04-28T13:21:31.478Z", "user": 1, "content_type": 7, "object_id": "1", "object_repr": "SensorLocation object (1)", "action_flag": 2, "change_message": "[{\"changed\": {\"fields\": [\"Latitude\", \"Longtitude\"]}}]"}}]